title,url,thumbnail_url,channel,views,description
Baakiyalakshmi | 22nd to 25th November 2023 - Promo,https://www.youtube.com/watch?v=tKPHV5R4OU0,https://i.ytimg.com/vi/tKPHV5R4OU0/hqdefault.jpg?sqp=-oaymwE2CPYBEIoBSFXyq4qpAygIARUAAIhCGAFwAcABBvABAfgB_gmAAtAFigIMCAAQARhyIEAoLzAP&rs=AOn4CLDxlhsjNT6BhSNVme_cqaMaWnNtZg,Vijay Television,2M views,рокро╛роХрпНроХро┐ропро▓роЯрпНроЪрпБрооро┐ - родро┐роЩрпНроХро│рпН роорпБродро▓рпН роЪройро┐ роЗро░ро╡рпБ 8:30 роорогро┐роХрпНроХрпБ роироорпНроо ро╡ро┐роЬропрпН роЯро┐ро╡ро┐ро▓.. Click here...
Thamizhum Saraswathiyum | 21st to 24th November 2023 - Promo,https://www.youtube.com/watch?v=SjVWxOx8qpI,https://i.ytimg.com/vi/SjVWxOx8qpI/hqdefault.jpg?sqp=-oaymwE2CPYBEIoBSFXyq4qpAygIARUAAIhCGAFwAcABBvABAfgB_gmAAtAFigIMCAAQARh_IEYoLjAP&rs=AOn4CLCaclXzNDx1bM8wo_3BtGMprEQJtg,Vijay Television,1.9M views,родрооро┐ро┤рпБроорпН роЪро░ро╕рпНро╡родро┐ропрпБроорпН - родро┐роЩрпНроХро│рпН - ро╡рпЖро│рпНро│ро┐ ро╡ро░рпИ рооро╛ро▓рпИ 6 роорогро┐роХрпНроХрпБ роироорпНроо ро╡ро┐роЬропрпН роЯро┐ро╡ро┐ро▓.....
Eeramaana Rojaave Season 2 | 22nd to 25th November 2023 - Promo,https://www.youtube.com/watch?v=0rkIv4kRMGA,,Vijay Television,2.2M views,роИро░рооро╛рой ро░рпЛроЬро╛ро╡рпЗ Season 2 - родро┐роЩрпНроХро│рпН - роЪройро┐ ро╡ро░рпИ роородро┐ропроорпН 1 роорогро┐роХрпНроХрпБ роироорпНроо ро╡ро┐роЬропрпН роЯро┐ро╡ро┐ро▓.. Click here...
World Cup Paavangal | Parithabangal,https://www.youtube.com/watch?v=Pl-42Gumrt4,,Parithabangal,1.4M views,#parithabangal #worldcuppaavangal #paavangal #worldcup2023 ________________________________ Starring GO-SU https://www.instagram.com/gopi_aravindh https://www.instagram.com/duniya_sudhakar...
"Leo | Official Tamil Trailer | Thalapathy Vijay, Lokesh Kanagaraj, Trisha Krishnan",https://www.youtube.com/watch?v=ShsFxGV_thk,,Netflix India,1.1M views,A family man's peace is shattered when trouble reaches his doorstep. Parthiban fights for his identity in this action-packed thriller. #Leo is coming to Netflix on 24th November in India and...
london nil irunthu en ilavarasiku dress eduthutu vantha tharunamтЭдя╕П opening kaga aththai sivangi ЁЯШН,https://www.youtube.com/watch?v=CGf_iJF-lKQ,,Parattai Pugazh,473K views,FOLLOW : INSTAGRAMЁЯСЗ https://instagram.com/vijaytvpugazh?igshid=OGQ5ZDc2ODk2ZA%3D%3D&utm_source=qr FOLLOW FACEBOOK PAGEЁЯСЗ https://www.facebook.com/Siripudapugazh?mibextid=ZbWKwL
Ethirneechal - Promo | 22 November 2023 | Sun TV Serial | Tamil Serial,https://www.youtube.com/watch?v=TQr03R6C460,,Sun TV,784K views,Watch the Latest Promo of popular Tamil Serial #Ethirneechal that airs on Sun TV. Watch all your favourite serials exclusively ONLY on Sun NXT for FREE. *Free only for Indian Users. Download...
роЪроирпНродро┐ропро╛ро░ро╛роХроорпН (Sandhya Raagam) - родро┐роЩрпНроХро│рпНтАУро╡рпЖро│рпНро│ро┐ - роЗро░ро╡рпБ 7.00 роорогро┐роХрпНроХрпБ - 21 Nov 23 - Promo - Zee Tamil,https://www.youtube.com/watch?v=yoSKQJL3HK4,,Zee Tamil,635K views,Follow the ZEE Tamil Channel on Whatsapp: https://whatsapp.com/channel/0029Va4uazXKwqSNHfgWFs0v Click Here To Watch Full Episodes - https://zee5.onelink.me/RlQq/5n36x21l Zee5 Paid Subscription...
HAYABUSA REVEAL TO DAD ЁЯФетЭдя╕П| Balaji B'day Celebration Vlog ЁЯе│,https://www.youtube.com/watch?v=Vse4K8wrydQ,,Dad's Life,291K views,HAYABUSA REVEAL TO DAD ЁЯФетЭдя╕П| B'day Celebration Vlog ЁЯе│ Subscribe : https://www.youtube.com/c/DadsLife?sub_confirmation=1 For promotions contact : dadslifechannel@gmail.com Instagram...
Sundari - Promo | 22 November 2023 | Sun TV Serial | Tamil Serial,https://www.youtube.com/watch?v=hd5lUjQQRs4,,Sun TV,401K views,Watch the Latest Promo of popular Tamil Serial #Sundari that airs on Sun TV. Watch all your favourite serials exclusively ONLY on Sun NXT for FREE. *Free only for Indian Users. Download here:...
